{
  "Q3.2.1" : {
    "MaeForK=10" : 0.8407036862423928,
    "MaeForK=50" : 0.7749407796360606,
    "MaeForK=200" : 0.7484566598676092,
    "MaeForK=300" : 0.7469310540108295,
    "MaeForK=943" : 0.7477653398324886,
    "MaeForK=100" : 0.7561353222065882,
    "MaeForK=30" : 0.7914221792247476,
    "MaeForK=800" : 0.7472390399184645,
    "MaeForK=400" : 0.7473922074499955,
    "LowestKWithBetterMaeThanBaseline" : 100,
    "LowestKMaeMinusBaselineMae" : -0.010764677793411837
  },
  "Q3.2.2" : {
    "MinNumberOfBytesForK=400" : 3017600,
    "MinNumberOfBytesForK=10" : 75440,
    "MinNumberOfBytesForK=100" : 754400,
    "MinNumberOfBytesForK=943" : 7113992,
    "MinNumberOfBytesForK=50" : 377200,
    "MinNumberOfBytesForK=200" : 1508800,
    "MinNumberOfBytesForK=800" : 6035200,
    "MinNumberOfBytesForK=30" : 226320,
    "MinNumberOfBytesForK=300" : 2263200
  },
  "Q3.2.3" : {
    "SizeOfRamInBytes" : 17179869184,
    "MaximumNumberOfUsersThatCanFitInRam" : 7158278
  }
}