{
  "Q2.3.3" : {
    "NumberOfSimilarityComputationsForU1BaseDataset" : 889249
  },
  "Q2.3.7" : {
    "DurationInMicrosecForComputingSimilarities" : {
      "min" : 1.3473050957E7,
      "max" : 1.7741486411E7,
      "average" : 1.5645983084E7,
      "stddev" : 1604873.430151535
    },
    "AverageTimeInMicrosecPerSuv" : 35.22656175687207,
    "RatioBetweenTimeToComputeSimilarityOverTimeToPredict" : 0.6157962734859301
  },
  "Q2.3.4" : {
    "CosineSimilarityStatistics" : {
      "min" : 0,
      "max" : 685,
      "average" : 12.205087663860178,
      "stddev" : 18.17518399098472
    }
  },
  "Q2.3.5" : {
    "TotalBytesToStoreNonZeroSimilarityComputationsForU1BaseDataset" : 6592280
  },
  "Q2.3.1" : {
    "CosineBasedMae" : 0.7477653398324887,
    "CosineMinusBaselineDifference" : -0.019134660167511308
  },
  "Q2.3.6" : {
    "DurationInMicrosecForComputingPredictions" : {
      "min" : 2.1656673304E7,
      "max" : 3.080835522E7,
      "average" : 2.5407726155E7,
      "stddev" : 3114444.7428389853
    }
  },
  "Q2.3.2" : {
    "JaccardMae" : 0.7622501056973406,
    "JaccardMinusCosineDifference" : 0.014484765864851923
  }
}