{
  "Q2.3.3" : {
    "NumberOfSimilarityComputationsForU1BaseDataset" : 444153
  },
  "Q2.3.7" : {
    "DurationInMicrosecForComputingSimilarities" : {
      "min" : 7.7923663971E7,
      "max" : 1.08050201705E8,
      "average" : 8.697998927480002E7,
      "stddev" : 8641651.288995
    },
    "AverageTimeInMicrosecPerSuv" : 195.83339361616385,
    "RatioBetweenTimeToComputeSimilarityOverTimeToPredict" : 6.043374167595556
  },
  "Q2.3.4" : {
    "CosineSimilarityStatistics" : {
      "min" : 0,
      "max" : 332,
      "average" : 12.127985176279346,
      "stddev" : 17.8222892687255
    }
  },
  "Q2.3.5" : {
    "TotalBytesToStoreNonZeroSimilarityComputationsForU1BaseDataset" : 3292368
  },
  "Q2.3.1" : {
    "CosineBasedMae" : 0.7489004144574382,
    "CosineMinusBaselineDifference" : -0.01799958554256187
  },
  "Q2.3.6" : {
    "DurationInMicrosecForComputingPredictions" : {
      "min" : 1.3459318714E7,
      "max" : 1.5473426713E7,
      "average" : 1.4392620225499999E7,
      "stddev" : 676320.4113355291
    }
  },
  "Q2.3.2" : {
    "JaccardMae" : 0.7633851803222886,
    "JaccardMinusCosineDifference" : 0.01448476586485048
  }
}