{
  "Q2.3.3" : {
    "NumberOfSimilarityComputationsForU1BaseDataset" : 444153
  },
  "Q2.3.7" : {
    "DurationInMicrosecForComputingSimilarities" : {
      "min" : 1.2294235952E7,
      "max" : 1.2596536584E7,
      "average" : 1.24699449812E7,
      "stddev" : 103583.78889253359
    },
    "AverageTimeInMicrosecPerSuv" : 28.07578690496293,
    "RatioBetweenTimeToComputeSimilarityOverTimeToPredict" : 0.18433158353238593
  },
  "Q2.3.4" : {
    "CosineSimilarityStatistics" : {
      "min" : 0,
      "max" : 332,
      "average" : 12.127985176279346,
      "stddev" : 17.8222892687255
    }
  },
  "Q2.3.5" : {
    "TotalBytesToStoreNonZeroSimilarityComputationsForU1BaseDataset" : 3292368
  },
  "Q2.3.1" : {
    "CosineBasedMae" : 0.7489004144574382,
    "CosineMinusBaselineDifference" : -0.01799958554256187
  },
  "Q2.3.6" : {
    "DurationInMicrosecForComputingPredictions" : {
      "min" : 6.4948303077E7,
      "max" : 7.2571253134E7,
      "average" : 6.76495299516E7,
      "stddev" : 2592004.966543485
    }
  },
  "Q2.3.2" : {
    "JaccardMae" : 0.7633851803222886,
    "JaccardMinusCosineDifference" : 0.01448476586485048
  }
}