{
  "Q2.3.3" : {
    "NumberOfSimilarityComputationsForU1BaseDataset" : 444153
  },
  "Q2.3.7" : {
    "DurationInMicrosecForComputingSimilarities" : {
      "min" : 1.2583860479E7,
      "max" : 1.4080158592E7,
      "average" : 1.32749191418E7,
      "stddev" : 530869.2906791663
    },
    "AverageTimeInMicrosecPerSuv" : 29.888167234714164,
    "RatioBetweenTimeToComputeSimilarityOverTimeToPredict" : 0.1829664602935125
  },
  "Q2.3.4" : {
    "CosineSimilarityStatistics" : {
      "min" : 0,
      "max" : 332,
      "average" : 12.127985176279346,
      "stddev" : 17.8222892687255
    }
  },
  "Q2.3.5" : {
    "TotalBytesToStoreNonZeroSimilarityComputationsForU1BaseDataset" : 3292368
  },
  "Q2.3.1" : {
    "CosineBasedMae" : 0.7489004144574382,
    "CosineMinusBaselineDifference" : -0.01799958554256187
  },
  "Q2.3.6" : {
    "DurationInMicrosecForComputingPredictions" : {
      "min" : 6.8986748074E7,
      "max" : 7.8058304207E7,
      "average" : 7.25538392146E7,
      "stddev" : 3378489.217994388
    }
  },
  "Q2.3.2" : {
    "JaccardMae" : 0.7633851803222886,
    "JaccardMinusCosineDifference" : 0.01448476586485048
  }
}