{
  "Q2.3.3" : {
    "NumberOfSimilarityComputationsForU1BaseDataset" : 889249
  },
  "Q2.3.7" : {
    "DurationInMicrosecForComputingSimilarities" : {
      "min" : 1.3434330094E7,
      "max" : 1.5605431476E7,
      "average" : 1.4413306136599999E7,
      "stddev" : 822523.5579090115
    },
    "AverageTimeInMicrosecPerSuv" : 32.451218694008595,
    "RatioBetweenTimeToComputeSimilarityOverTimeToPredict" : 0.6137014339891188
  },
  "Q2.3.4" : {
    "CosineSimilarityStatistics" : {
      "min" : 0,
      "max" : 685,
      "average" : 12.205087663860178,
      "stddev" : 18.17518399098472
    }
  },
  "Q2.3.5" : {
    "TotalBytesToStoreNonZeroSimilarityComputationsForU1BaseDataset" : 6592280
  },
  "Q2.3.1" : {
    "CosineBasedMae" : 0.7489004144574382,
    "CosineMinusBaselineDifference" : -0.01799958554256187
  },
  "Q2.3.6" : {
    "DurationInMicrosecForComputingPredictions" : {
      "min" : 2.2093256434E7,
      "max" : 2.5282968648E7,
      "average" : 2.3485860287E7,
      "stddev" : 1053032.4719786705
    }
  },
  "Q2.3.2" : {
    "JaccardMae" : 0.7633851803222886,
    "JaccardMinusCosineDifference" : 0.01448476586485048
  }
}